create table application_user_permission (role_id integer not null, permission_id integer not null, primary key (role_id, permission_id));
create table application_user_role (id integer not null, role varchar(255), primary key (id));
create table category (id integer not null, category varchar(255), primary key (id));
create table eating_place (id integer not null, active bit not null, reserved bit not null, waiter_name varchar(255), waiter_username varchar(255), primary key (id));
create table hibernate_sequence (next_val bigint);
insert into hibernate_sequence values ( 1 );
insert into hibernate_sequence values ( 1 );
insert into hibernate_sequence values ( 1 );
create table order_detail (id bigint not null, quantity double precision not null, order_id bigint, product_name varchar(255), primary key (id));
create table orders (order_id bigint not null, created_at datetime(6), order_status varchar(255), table_id integer not null, waiter_name varchar(255), waiter_username varchar(255), primary key (order_id));
create table permissions (id integer not null, permission varchar(255), primary key (id));
create table product (id bigint not null, active_status bit not null, created_at datetime(6), in_stock_qty double precision not null, product_name varchar(255), restaurant bit not null, category integer, unit integer, primary key (id));
create table stock_document (document_id bigint not null, date datetime(6), document_type varchar(255), primary key (document_id)) ;
create table stock_inventory (id bigint not null, amount double precision not null, product_id bigint not null, product_name varchar(255), document_id bigint not null, primary key (id));
create table stock_item_balance (id bigint not null, in_stock_qty double precision not null, name varchar(255), product_id bigint not null, restaurant bit not null, category integer, unit integer, primary key (id));
create table units (id integer not null, unit_name varchar(255), primary key (id));
create table users (user_id integer not null, access_token varchar(255), active integer, creator varchar(255), deleted bit not null, lastname varchar(255), name varchar(255), password varchar(255), temp_token varchar(255), username varchar(255), role varchar(255), primary key (user_id));
alter table application_user_role add constraint UK_ktysemtl9mojwd6gc7d4k4a58 unique (role);
alter table category add constraint UK_oo4xayr0g0mkbajn7n2m3918u unique (category);
alter table product add constraint UK_383i0awxqlq7pc33hil7afbgo unique (product_name);
alter table units add constraint UK_525csmemmgtoicjcfhcpf3pk0 unique (unit_name);
alter table application_user_permission add constraint FKbbrnqmg5h5im1y4ps792udnwy foreign key (permission_id) references permissions (id);
alter table application_user_permission add constraint FKh1t070a09d894lejl4co0ddb5 foreign key (role_id) references application_user_role (id);
alter table order_detail add constraint FKrws2q0si6oyd6il8gqe2aennc foreign key (order_id) references orders (order_id);
alter table order_detail add constraint FKje128cdlvce2wrumkw3jg1ggv foreign key (product_name) references product (product_name);
alter table product add constraint FKqx9wikktsev17ctu0kcpkrafc foreign key (category) references category (id);
alter table product add constraint FKqg39x7r9cchovb5uc3omdw3fg foreign key (unit) references units (id);
alter table stock_inventory add constraint FKgcera8pelhiwjpiul572mk27d foreign key (document_id) references stock_document (document_id);
alter table stock_item_balance add constraint FKcqekgepuqkoj0nkfvwgps5god foreign key (category) references category (id);
alter table stock_item_balance add constraint FKlnyofnjnvxydbdbb8uashcg97 foreign key (unit) references units (id);
alter table users add constraint FKesdve1p3qum3yxnbep9twq1px foreign key (role) references application_user_role (role);
INSERT INTO application_user_role (id, role) VALUES (1,'ADMIN');
INSERT INTO application_user_role (id, role) VALUES (2,'OWNER');
INSERT INTO application_user_role (id, role) VALUES (3,'STUFF');
INSERT INTO application_user_role (id, role) VALUES (4,'WAITER');
INSERT INTO application_user_role (id, role) VALUES (5,'NOTWORKING');
INSERT INTO users (user_id, access_token, active, creator, deleted, lastname, name, password, temp_token, username, role) VALUES(1, '', 1, 'kamila', 0, 'Admin', 'Admin','123', '', 'admin', 'ADMIN');
INSERT INTO permissions (id, permission) VALUES (1,'user:read');
INSERT INTO permissions (id, permission) VALUES (2,'user:write');
INSERT INTO permissions (id, permission) VALUES (3,'user:add');
INSERT INTO permissions (id, permission) VALUES (4,'table:read');
INSERT INTO permissions (id, permission) VALUES (5,'table:add');
INSERT INTO permissions (id, permission) VALUES (6,'table:write');
INSERT INTO permissions (id, permission) VALUES (7,'unit:read');
INSERT INTO permissions (id, permission) VALUES (8,'unit:add');
INSERT INTO permissions (id, permission) VALUES (9,'unit:write');
INSERT INTO permissions (id, permission) VALUES (10,'category:read');
INSERT INTO permissions (id, permission) VALUES (11,'category:add');
INSERT INTO permissions (id, permission) VALUES (12,'category:write');
INSERT INTO permissions (id, permission) VALUES (13,'product:read');
INSERT INTO permissions (id, permission) VALUES (14,'product:add');
INSERT INTO permissions (id, permission) VALUES (15,'product:write');
INSERT INTO permissions (id, permission) VALUES (16,'product:delete');
INSERT INTO permissions (id, permission) VALUES (17,'order:add');
INSERT INTO permissions (id, permission) VALUES (18,'order:delete');
INSERT INTO permissions (id, permission) VALUES (19,'order:read');
INSERT INTO permissions (id, permission) VALUES (20,'document:read');
INSERT INTO permissions (id, permission) VALUES (21,'document:add');
INSERT INTO permissions (id, permission) VALUES (22,'document:write');
INSERT INTO application_user_permission(role_id, permission_id) VALUES (1,1);
INSERT INTO application_user_permission(role_id, permission_id) VALUES (1,2);
INSERT INTO application_user_permission(role_id, permission_id) VALUES (1,3);
INSERT INTO application_user_permission(role_id, permission_id) VALUES (1,4);
INSERT INTO application_user_permission(role_id, permission_id) VALUES (1,5);
INSERT INTO application_user_permission(role_id, permission_id) VALUES (1,6);
INSERT INTO application_user_permission(role_id, permission_id) VALUES (1,7);
INSERT INTO application_user_permission(role_id, permission_id) VALUES (1,8);
INSERT INTO application_user_permission(role_id, permission_id) VALUES (1,9);
INSERT INTO application_user_permission(role_id, permission_id) VALUES (1,10);
INSERT INTO application_user_permission(role_id, permission_id) VALUES (1,11);
INSERT INTO application_user_permission(role_id, permission_id) VALUES (1,12);
INSERT INTO application_user_permission(role_id, permission_id) VALUES (1,13);
INSERT INTO application_user_permission(role_id, permission_id) VALUES (1,14);
INSERT INTO application_user_permission(role_id, permission_id) VALUES (1,15);
INSERT INTO application_user_permission(role_id, permission_id) VALUES (1,16);
INSERT INTO application_user_permission(role_id, permission_id) VALUES (1,17);
INSERT INTO application_user_permission(role_id, permission_id) VALUES (1,18);
INSERT INTO application_user_permission(role_id, permission_id) VALUES (1,19);
INSERT INTO application_user_permission(role_id, permission_id) VALUES (1,20);
INSERT INTO application_user_permission(role_id, permission_id) VALUES (1,21);
INSERT INTO application_user_permission(role_id, permission_id) VALUES (1,22);
INSERT INTO application_user_permission(role_id, permission_id) VALUES (2,1);
INSERT INTO application_user_permission(role_id, permission_id) VALUES (2,2);
INSERT INTO application_user_permission(role_id, permission_id) VALUES (2,3);
INSERT INTO application_user_permission(role_id, permission_id) VALUES (2,4);
INSERT INTO application_user_permission(role_id, permission_id) VALUES (2,5);
INSERT INTO application_user_permission(role_id, permission_id) VALUES (2,6);
INSERT INTO application_user_permission(role_id, permission_id) VALUES (2,7);
INSERT INTO application_user_permission(role_id, permission_id) VALUES (2,8);
INSERT INTO application_user_permission(role_id, permission_id) VALUES (2,9);
INSERT INTO application_user_permission(role_id, permission_id) VALUES (2,10);
INSERT INTO application_user_permission(role_id, permission_id) VALUES (2,11);
INSERT INTO application_user_permission(role_id, permission_id) VALUES (2,12);
INSERT INTO application_user_permission(role_id, permission_id) VALUES (2,13);
INSERT INTO application_user_permission(role_id, permission_id) VALUES (2,14);
INSERT INTO application_user_permission(role_id, permission_id) VALUES (2,15);
INSERT INTO application_user_permission(role_id, permission_id) VALUES (2,16);
INSERT INTO application_user_permission(role_id, permission_id) VALUES (2,17);
INSERT INTO application_user_permission(role_id, permission_id) VALUES (2,18);
INSERT INTO application_user_permission(role_id, permission_id) VALUES (2,19);
INSERT INTO application_user_permission(role_id, permission_id) VALUES (2,20);
INSERT INTO application_user_permission(role_id, permission_id) VALUES (2,21);
INSERT INTO application_user_permission(role_id, permission_id) VALUES (2,22);
INSERT INTO application_user_permission(role_id, permission_id) VALUES (3,1);
INSERT INTO application_user_permission(role_id, permission_id) VALUES (3,4);
INSERT INTO application_user_permission(role_id, permission_id) VALUES (3,7);
INSERT INTO application_user_permission(role_id, permission_id) VALUES (3,8);
INSERT INTO application_user_permission(role_id, permission_id) VALUES (3,9);
INSERT INTO application_user_permission(role_id, permission_id) VALUES (3,10);
INSERT INTO application_user_permission(role_id, permission_id) VALUES (3,11);
INSERT INTO application_user_permission(role_id, permission_id) VALUES (3,12);
INSERT INTO application_user_permission(role_id, permission_id) VALUES (3,13);
INSERT INTO application_user_permission(role_id, permission_id) VALUES (3,14);
INSERT INTO application_user_permission(role_id, permission_id) VALUES (3,15);
INSERT INTO application_user_permission(role_id, permission_id) VALUES (3,16);
INSERT INTO application_user_permission(role_id, permission_id) VALUES (3,20);
INSERT INTO application_user_permission(role_id, permission_id) VALUES (3,21);
INSERT INTO application_user_permission(role_id, permission_id) VALUES (3,22);
INSERT INTO application_user_permission(role_id, permission_id) VALUES (4,1);
INSERT INTO application_user_permission(role_id, permission_id) VALUES (4,4);
INSERT INTO application_user_permission(role_id, permission_id) VALUES (4,5);
INSERT INTO application_user_permission(role_id, permission_id) VALUES (4,6);
INSERT INTO application_user_permission(role_id, permission_id) VALUES (4,7);
INSERT INTO application_user_permission(role_id, permission_id) VALUES (4,10);
INSERT INTO application_user_permission(role_id, permission_id) VALUES (4,13);
INSERT INTO application_user_permission(role_id, permission_id) VALUES (4,17);
INSERT INTO application_user_permission(role_id, permission_id) VALUES (4,18);
INSERT INTO application_user_permission(role_id, permission_id) VALUES (4,19);
